학번,이름,학급,초기비밀번호
10102,권현정,1-1,1234
10103,김도윤,1-1,1234
10104,김초희,1-1,1234
10105,박규연,1-1,1234
10106,박세현,1-1,1234
10108,박태윤,1-1,1234
10109,방채현,1-1,1234
10110,배지성,1-1,1234
10111,서유진,1-1,1234
10112,설온찬,1-1,1234
10113,오하율,1-1,1234
10114,오혜성,1-1,1234
10115,윤소이,1-1,1234
10117,윤지희,1-1,1234
10118,창채민,1-1,1234
10119,최민서,1-1,1234
10120,한다정,1-1,1234
10201,강도희,1-2,1234
10202,공도경,1-2,1234
10203,김세영,1-2,1234
10204,김유라,1-2,1234
10205,김태영,1-2,1234
10206,김한나,1-2,1234
10207,김휘성,1-2,1234
10208,문소현,1-2,1234
10209,박사랑,1-2,1234
10210,박예나,1-2,1234
10211,소재연,1-2,1234
10212,송채원,1-2,1234
10213,이수찬,1-2,1234
10214,이우주,1-2,1234
10215,이준희,1-2,1234
10216,정다영,1-2,1234
10217,조일국,1-2,1234
10218,최마린,1-2,1234
10219,최예린,1-2,1234
10220,최윤호,1-2,1234
10301,고은유,1-3,1234
10302,권민지,1-3,1234
10303,김다은,1-3,1234
10304,김도윤,1-3,1234
10305,김민서,1-3,1234
10306,김세은,1-3,1234
10307,김인우,1-3,1234
10308,노현수,1-3,1234
10309,민서영,1-3,1234
10310,박윤서,1-3,1234
10311,염서현,1-3,1234
10312,윤은서,1-3,1234
10313,이수현,1-3,1234
10314,이승준,1-3,1234
10315,이유진,1-3,1234
10316,이지윤,1-3,1234
10317,이현민,1-3,1234
10318,조정우,1-3,1234
10319,차준수,1-3,1234
10320,현별,1-3,1234
10401,김나현,1-4,1234
10402,김민완,1-4,1234
10403,김시우,1-4,1234
10404,김은우,1-4,1234
10405,문준혁,1-4,1234
10406,박정우,1-4,1234
10407,박주원,1-4,1234
10408,박하진,1-4,1234
10409,박현아,1-4,1234
10410,배지호,1-4,1234
10411,손예찬,1-4,1234
10412,신지민,1-4,1234
10413,유가온,1-4,1234
10414,이광욱,1-4,1234
10415,이재준,1-4,1234
10416,이현수,1-4,1234
10417,임지민,1-4,1234
10418,장준영,1-4,1234
10420,최민서,1-4,1234
10421,권혁민,1-4,1234
10501,김도현,1-5,1234
10502,김범,1-5,1234
10503,김시원,1-5,1234
10504,김태윤,1-5,1234
10506,남현우,1-5,1234
10507,박보람,1-5,1234
10508,박의진,1-5,1234
10509,변희찬,1-5,1234
10510,신우경,1-5,1234
10511,신유찬,1-5,1234
10512,이다솔,1-5,1234
10513,이동준,1-5,1234
10514,이승혜,1-5,1234
10515,이재민,1-5,1234
10516,장대한,1-5,1234
10517,정도겸,1-5,1234
10518,정민유,1-5,1234
10519,정창민,1-5,1234
10520,홍경천,1-5,1234
10601,곽소희,1-6,1234
10602,구나연,1-6,1234
10603,김도윤,1-6,1234
10604,김미나,1-6,1234
10605,김수민,1-6,1234
10606,김시호,1-6,1234
10607,민정원,1-6,1234
10608,서혜영,1-6,1234
10609,선한별,1-6,1234
10610,신가은,1-6,1234
10611,이서현,1-6,1234
10612,이시진,1-6,1234
10613,이하윤,1-6,1234
10614,이학열,1-6,1234
10615,정연아,1-6,1234
10616,정지후,1-6,1234
10617,조연수,1-6,1234
10618,추아련,1-6,1234
10619,허유희,1-6,1234
10620,황예지,1-6,1234
10701,강수,1-7,1234
10702,강지우,1-7,1234
10703,곽윤서,1-7,1234
10704,구민아,1-7,1234
10705,김홍준,1-7,1234
10706,도가윤,1-7,1234
10707,박서아,1-7,1234
10708,박혜원,1-7,1234
10709,방지윤,1-7,1234
10710,서윤아,1-7,1234
10711,유승아,1-7,1234
10712,이채윤,1-7,1234
10714,임사랑,1-7,1234
10715,정주연,1-7,1234
10716,조민정,1-7,1234
10717,조시연,1-7,1234
10718,진주아,1-7,1234
10719,한지홍,1-7,1234
10720,황예원,1-7,1234
10721,민수연,1-7,1234